element,link,executor,core,partition,sleeping_guard,sleeping_instantiate,sleeping_apply,total_time,time_tuples,time_instantiate,time_extract,time_broadcast,time_apply
#a7b12430aec91945a8ea9e90e43e5e4d63ea85ba 
150,220,2,2,16,1000,1000,1000,283733.126557,192.963594,207501.498871,0.502431,35.046151,76003.11551
150,220,2,2,16,250,250,250,95812.13930499999,203.454008,75905.61217,0.548839,59.062675,19643.461613
150,220,2,2,16,2000,2000,2000,495190.157472,196.795995,343907.006054,0.483192,36.059108,151049.813123
150,220,2,2,16,500,500,500,151399.683513,199.165639,112768.487151,0.726372,37.56186,38393.742491
150,220,2,1,8,250,250,250,144018.722462,201.724881,104406.134585,0.537244,34.737337,39375.588415
150,220,2,1,8,2000,2000,2000,938801.4247699999,193.757715,627833.021937,0.408986,30.171727,310744.064405
150,220,1,1,4,250,250,250,242591.912882,199.255649,169274.860083,0.482522,30.415308,73086.89932
150,220,1,1,4,500,500,500,444663.445085,202.243034,298803.316915,0.500078,33.964409,145623.420649
150,220,2,4,32,500,500,500,93287.685664,198.846157,72144.210623,0.430776,38.15698,20906.041128
150,220,1,1,4,2000,2000,2000,1894054.0288200001,199.288723,1313081.01241,0.53445,34.538471,580738.654766
150,220,2,4,32,2000,2000,2000,274497.552621,206.857141,193324.233992,0.593404,39.15553,80926.712554
150,220,2,4,32,1000,1000,1000,139925.70861,196.409105,98774.06751,0.570443,40.346476,40914.315076
150,220,2,4,32,250,250,250,53717.52974499999,202.325545,42312.243128,0.56462,43.263404,11159.133048
150,220,2,2,16,1000,1000,1000,252713.55283499998,199.328617,176490.525648,0.497636,39.104685,75984.096249
150,220,2,2,16,250,250,250,97989.60255299999,202.985701,78002.363854,0.492814,37.247065,19746.513119
150,220,2,1,8,250,250,250,141125.377297,196.880166,101562.837735,0.577522,39.516363,39325.565511
150,220,1,1,4,500,500,500,449279.71126699995,193.791286,303492.844562,0.533816,30.089361,145562.452242
150,220,2,4,32,500,500,500,81352.556015,197.615367,59871.553005,0.430856,33.592516,21249.364271
150,220,2,1,8,1000,1000,1000,614297.221938,199.953038,458360.364541,0.464873,34.064243,155702.375243
150,220,2,4,32,2000,2000,2000,283457.721112,199.885926,202151.713952,0.486061,34.606303,81071.02887
150,220,2,4,32,1000,1000,1000,144616.022473,199.044167,103231.059969,0.558114,45.01207,41140.348153
150,220,2,4,32,250,250,250,54152.587151,197.175264,42787.275388,0.427642,32.283468,11135.425389
150,220,1,1,4,1000,1000,1000,852504.8327779999,213.446446,561651.868146,0.514295,37.687923,290601.315968
150,220,2,1,8,500,500,500,252306.12075000003,197.517426,173826.062565,0.644173,38.164599,78243.731987
150,220,2,2,16,250,250,250,82756.288672,199.306242,62923.521075,0.485642,37.15862,19595.817093
150,220,2,2,16,2000,2000,2000,553425.867281,197.344527,402143.296433,0.621626,35.286992,151049.317703
150,220,2,1,8,250,250,250,184810.579992,207.673699,117531.603634,0.542035,38.089511,67032.671113
150,220,2,1,8,2000,2000,2000,936203.2228880001,198.440271,625421.839812,0.522302,35.216226,310547.204277
150,220,1,1,4,500,500,500,445755.439584,193.618003,299889.363257,0.668909,42.039429,145629.749986
150,220,2,4,32,500,500,500,82961.592324,199.635632,61622.760996,0.657886,38.097218,21100.440592
150,220,2,1,8,1000,1000,1000,480689.82093499997,199.30573,324791.782944,0.571222,36.603489,155661.55755
150,220,2,4,32,1000,1000,1000,145324.01591100002,194.460208,103885.140622,0.495374,36.21014,41207.709567
150,220,2,4,32,250,250,250,50756.31424,198.302456,39406.107801,0.569538,41.54524,11109.789205
150,220,1,1,4,1000,1000,1000,854248.708901,199.273364,563435.431002,0.624203,38.730708,290574.649624
150,220,2,1,8,500,500,500,265302.97852600005,196.417221,187013.438507,0.456135,30.780552,78061.886111
150,220,2,2,16,1000,1000,1000,255015.08736,195.98135,178907.713309,0.577352,40.686051,75870.129298
150,220,2,2,16,250,250,250,94484.37744400001,196.071492,74439.120148,0.605561,38.575617,19810.004626
150,220,2,2,16,2000,2000,2000,506941.23443799996,219.779435,355762.003112,0.440818,33.152279,150925.858794
150,220,2,2,16,500,500,500,143294.11278,201.144994,104715.072913,0.555659,41.1174,38336.221814
150,220,2,1,8,250,250,250,152623.32471900003,196.567375,113415.161838,0.560165,35.531012,38975.504329
150,220,1,1,4,250,250,250,237433.82312800002,199.575084,163327.48663,0.603937,33.060791,73873.096686
150,220,1,1,4,500,500,500,445106.066033,201.536741,299229.13385,0.574953,35.225326,145639.595163
150,220,2,4,32,500,500,500,82468.76597800001,202.445646,61256.604783,0.622256,43.965377,20965.127916
150,220,2,4,32,1000,1000,1000,151538.223742,204.459596,110326.501822,0.532991,62.29209,40944.437243
150,220,2,4,32,250,250,250,54669.387038,249.938668,43406.303452,0.564636,36.869832,10975.71045
150,220,2,1,8,500,500,500,247273.036846,192.90661,171399.583465,0.494892,37.025644,75643.026235
150,220,2,2,16,250,250,250,90347.98414199997,198.654965,70317.664121,0.534462,38.397447,19792.733147
150,220,2,2,16,2000,2000,2000,506245.382186,195.934873,354969.840863,0.567037,37.05807,151041.981343
150,220,2,2,16,500,500,500,137689.035334,193.286757,98737.297584,0.517201,37.559479,38720.374313
150,220,2,1,8,250,250,250,152093.197423,194.132436,112541.119732,0.496646,30.373812,39327.074797
150,220,1,1,4,250,250,250,225797.86730800002,192.544873,152459.647481,0.555709,32.69534,73112.423905
150,220,2,4,32,500,500,500,88940.30886899997,195.182796,67594.352565,0.418119,34.328803,21116.026586
150,220,2,1,8,1000,1000,1000,482501.975749,193.420146,326524.946537,0.509356,34.93421,155748.1655
150,220,2,4,32,2000,2000,2000,283066.964824,196.172468,201985.216233,0.470574,57.271033,80827.834516
150,220,2,4,32,1000,1000,1000,142689.62283,206.861852,101469.036759,0.946187,56.774565,40956.003467
150,220,2,4,32,250,250,250,56913.362574000006,196.752606,45656.202162,0.602244,39.913107,11019.892455
150,220,2,1,8,500,500,500,370230.18117699993,193.332151,291789.805387,0.544961,34.989337,78211.509341
150,220,2,2,16,1000,1000,1000,252037.023813,199.354043,175987.522341,0.573546,36.868883,75812.705
150,220,2,2,16,250,250,250,101133.30387100001,199.788572,81174.75057,0.493836,41.110574,19717.160319
150,220,2,2,16,2000,2000,2000,509099.307239,193.929986,357957.093665,0.575524,39.379474,150908.32859
150,220,2,2,16,2000,2000,2000,504897.19473399996,236.205962,353670.792593,0.455744,36.065662,150953.674773
150,220,2,2,16,1000,1000,1000,253212.174585,213.558878,177222.448756,0.485685,37.673657,75738.007609
150,220,1,1,4,250,250,250,226257.18331500003,209.597409,152903.933593,0.517376,34.103065,73109.031872
150,220,2,2,16,0,0,0,14121.146658,200.853494,10318.913163,0.455444,35.952203,3564.972354
150,220,2,1,8,0,0,0,16662.577285,215.228044,15899.828469,0.591543,42.031047,504.898182
150,220,2,2,16,250,250,250,69568.424272,202.037311,49825.38776,0.747852,67.905858,19472.345491
150,220,2,1,8,250,250,250,181870.323387,203.369911,96398.826949,0.484455,37.988047,85229.654025
150,220,2,2,16,120,120,120,54240.192408999996,195.936181,37115.300465,0.555047,40.111506,16888.28921
150,220,1,1,4,120,120,120,179612.140878,202.380521,104311.985498,0.397637,25.975234,75071.401988
150,220,2,2,16,500,500,500,130378.63199000001,213.067548,91935.038822,0.602649,40.084801,38189.83817
150,220,2,1,8,1000,1000,1000,478477.02005100006,199.392994,322681.970611,0.435652,32.653881,155562.566913
150,220,1,1,4,500,500,500,437697.699172,248.087596,291797.773436,0.468614,38.056813,145613.312713
150,220,2,2,16,1000,1000,1000,253035.03951600002,197.82186,177091.112371,0.504468,40.851033,75704.749784
150,220,1,1,4,2000,2000,2000,1691802.4997000003,206.533181,1110961.874428,0.474598,35.034593,580598.5829
150,220,2,2,16,2000,2000,2000,493863.26158,194.088857,342960.065257,0.614228,44.42583,150664.067408
150,220,2,1,8,2000,2000,2000,937343.9535099999,200.880215,626577.547849,0.424043,30.209459,310534.891944
150,220,2,1,8,500,500,500,256555.257338,206.574416,178215.74504,0.560553,41.893464,78090.483865
#fd3209d486d9ab9270b2dcb5a649115f1fcd4379 
150,220,2,1,8,120,120,120,120538.31141800001,207.339074,76581.469582,0.512623,33.844228,43715.145911
150,220,2,2,16,0,0,0,11599.893652000002,205.40666,11157.319528,0.399836,34.250131,202.517497
150,220,2,2,16,120,120,120,51162.876151000004,194.672131,41628.082271,0.542175,40.941217,9298.638357
150,220,1,1,4,0,0,0,17302.907374,208.565558,16825.076425,0.592254,38.65505,230.018087
150,220,1,1,4,1000,1000,1000,857373.8067669999,209.399806,566524.836471,0.531977,35.781418,290603.257095
150,220,2,2,16,500,500,500,135577.900964,196.887857,96944.546537,0.687615,38.948333,38396.830622
150,220,2,2,16,250,250,250,99255.609226,194.025037,79236.950187,0.523986,37.88318,19786.226836
150,220,2,1,8,120,120,120,112933.117513,196.531361,71285.291813,0.599714,30.197475,41420.49715
150,220,2,2,16,0,0,0,19372.770495,193.89934,18967.091944,0.465767,37.524182,173.789262
150,220,2,2,16,120,120,120,53314.87150500001,195.218545,42629.651933,0.481096,38.173519,10451.346412
150,220,1,1,4,250,250,250,226136.01551300002,201.966793,152760.244813,0.478471,33.913806,73139.41163
150,220,2,1,8,2000,2000,2000,937188.3885929999,212.164103,626292.828017,0.544072,37.616162,310645.236239
150,220,2,2,16,2000,2000,2000,491875.39326399995,195.403893,340741.264147,0.584321,38.090851,150900.050052
150,220,2,2,16,1000,1000,1000,252249.65991,199.538828,176121.81654,0.482526,37.381806,75890.44021
150,220,2,1,8,1000,1000,1000,477629.14115499996,201.035515,321694.865774,0.496038,39.955922,155692.787906
150,220,2,2,16,2000,2000,2000,494500.477727,199.973805,343386.081097,0.579228,38.288876,150875.554721 
150,220,1,1,4,2000,2000,2000,1696340.069855,204.708243,1115393.704558,0.489638,36.386891,580704.780525
150,220,2,1,8,250,250,250,182944.21536,249.664112,105533.280965,0.505783,34.522989,77126.241511
150,220,2,2,16,250,250,250,71853.100428,194.940989,52138.471662,0.543381,50.48851,19468.655886
150,220,2,2,16,1000,1000,1000,260885.51533100003,216.690432,184778.150327,0.514327,41.00181,75849.158435
150,220,2,2,16,0,0,0,7319.933668000001,199.711734,6909.356296,0.393449,37.081311,173.390878
150,220,2,1,8,0,0,0,18930.750398,208.213901,18436.133606,0.543351,38.105237,247.754303
150,220,1,1,4,1000,1000,1000,861379.044649,212.643407,570545.112309,0.655476,34.661644,290585.971813
150,220,2,1,8,500,500,500,253951.47121200003,200.625537,175628.945539,0.488283,34.024752,78087.387101
150,220,2,2,16,500,500,500,128288.01157099998,194.315699,89895.517322,0.508137,38.302193,38159.36822
150,220,2,2,16,250,250,250,92497.625247,199.405099,56465.857419,0.566832,36.552231,35795.243666
150,220,1,1,4,0,0,0,15497.730981999997,201.986948,14985.095807,0.614203,38.376068,271.657956
150,220,2,2,16,500,500,500,133666.18316000002,199.084935,95147.131689,0.526642,36.780233,38282.659661
150,220,1,1,4,500,500,500,447022.049408,200.636788,301199.367032,0.529272,33.88822,145587.628096
150,220,2,2,16,120,120,120,55827.946635,197.428922,36974.741462,0.439819,33.374609,18621.961823
150,220,1,1,4,120,120,120,179432.23123599996,210.796362,93846.000248,0.530212,30.610605,85344.293809
150,220,2,2,16,2000,2000,2000,513544.39514100004,198.398525,362527.760012,0.500809,50.105334,150767.630461
150,220,2,2,16,1000,1000,1000,250788.04972399998,193.667665,174751.750851,0.444931,41.431445,75800.754832
150,220,2,1,8,1000,1000,1000,479327.00859800004,200.189304,323530.182401,0.468796,34.911031,155561.257066
150,220,2,2,16,1000,1000,1000,251927.87925399997,208.172313,175970.494726,0.460124,34.905672,75713.846419
150,220,2,1,8,0,0,0,27367.652873,227.836291,19974.39201,0.551931,40.75077,7124.121871
150,220,2,2,16,0,0,0,23500.613494,194.214487,23135.026684,0.404303,35.863628,135.104392
150,220,2,1,8,500,500,500,254817.75948100002,194.672827,176476.454796,0.734294,46.539005,78099.358559
150,220,2,2,16,250,250,250,93900.206075,193.291797,54110.220919,0.830808,38.08141,39557.781141
150,220,2,2,16,500,500,500,128591.89593299999,196.560569,90170.901571,0.542865,36.12191,38187.769018
150,220,2,2,16,0,0,0,9642.329443999999,193.550587,9172.597294,0.545798,48.071684,227.564081
150,220,1,1,4,0,0,0,17551.125734,201.476208,17040.355179,0.464978,39.100061,269.729308
150,220,2,2,16,500,500,500,132956.257778,195.670883,94524.025196,0.500307,39.270158,38196.791234
150,220,2,2,16,50,50,50,50711.817228,227.243164,35446.64293,0.472117,40.335483,14997.123534
150,220,2,2,16,50,50,50,47538.083846,222.916265,29948.417832,0.524029,40.90521,17325.32051
150,220,2,2,16,50,50,50,39563.482331,192.886807,31234.779608,0.467752,35.413797,8099.934367
150,220,2,2,16,50,50,50,40405.700506,196.400056,30704.637602,0.781703,45.25686,9458.624285
150,220,2,2,16,50,50,50,38878.996664,196.412968,29609.150443,0.412546,34.230189,9038.790518
150,220,2,2,16,50,50,50,43100.32620000001,202.223635,34152.219765,0.683482,42.536028,8702.66329
150,220,2,2,16,50,50,50,40612.023159,191.910631,31531.945489,0.428172,33.295645,8854.443222
150,220,2,2,16,50,50,50,40435.908496,207.000859,29916.368784,0.522364,42.005198,10270.011291
150,220,2,2,16,50,50,50,41874.91399400001,196.742679,33764.283866,0.478387,36.87544,7876.533622
150,220,2,2,16,50,50,50,38931.128450000004,207.55432,30658.929632,0.76246,45.770066,8018.111972
150,220,2,2,16,120,120,120,54290.152418,195.86991,43128.920565,0.706431,41.81795,10922.837562
150,220,2,2,16,120,120,120,54276.432188000006,199.289883,43549.659248,0.466759,38.427313,10488.588985
150,220,2,2,16,120,120,120,50429.335777,200.360078,40746.041522,0.503388,41.536025,9440.894764
150,220,2,2,16,120,120,120,59092.209881999996,194.134541,49084.420816,0.589294,40.197457,9772.867774
150,220,2,2,16,120,120,120,54583.38129800001,194.01318,41669.737525,0.552622,60.887733,12658.190238
150,220,2,2,16,120,120,120,54201.934720000005,195.778071,43176.290757,0.623564,42.438864,10786.803464
150,220,2,2,16,500,500,500,154560.086294,206.816092,115840.540435,0.629272,41.333684,38470.766811
150,220,2,2,16,0,0,0,11360.945818999999,194.232543,10995.363327,0.422342,31.876026,139.051581
150,220,2,2,16,0,0,0,13166.033514,208.664294,12690.453005,0.486402,36.706058,229.723755
150,220,2,2,16,0,0,0,11710.325332,191.87376,11281.554377,0.400948,34.513141,201.983106
150,220,2,2,16,0,0,0,9868.523406,199.492769,9413.893243,0.437918,39.052539,215.646937
150,220,1,1,4,120,120,120,180903.960032,205.458905,118830.639674,0.483012,31.677746,61835.700695
150,220,2,2,16,2000,2000,2000,493897.54694499995,191.823338,342957.768306,0.535252,38.942261,150708.477788
150,220,2,1,8,250,250,250,181196.61549199998,206.212479,100449.73666,0.462435,34.534495,80505.669423
150,220,2,2,16,250,250,250,76690.77106500001,194.284698,56917.69286,0.69245,46.041004,19532.060053
150,220,1,1,4,2000,2000,2000,1693347.895946,222.92716,1112396.12681,0.641332,34.774281,580693.426363
150,220,1,1,4,250,250,250,229992.03055700002,213.315683,156655.023506,0.520812,36.479885,73086.690671
150,220,2,2,16,120,120,120,45153.273442,198.706743,29002.987355,0.422527,39.828498,15911.328319
150,220,1,1,4,1000,1000,1000,873780.611745,207.889909,582891.619112,0.538212,38.610745,290641.953767
150,220,2,2,16,120,120,120,57683.324606999995,196.784336,37967.958754,0.52756,36.88359,19481.170367
150,220,2,1,8,120,120,120,127816.105009,214.707003,54390.546425,0.448725,34.708342,73175.694514
150,220,1,1,4,500,500,500,441116.987974,206.363225,295236.649271,0.516316,37.276341,145636.182821
150,220,2,1,8,2000,2000,2000,936490.893898,198.083277,625656.897722,0.575037,37.318165,310598.019697
150,220,1,1,4,120,120,120,177379.708637,220.255139,92147.143087,0.398516,31.591403,84980.320492
150,220,2,2,16,1000,1000,1000,255293.14306499998,197.950103,179296.179473,0.601252,39.466799,75758.945438
150,220,2,2,16,500,500,500,133821.03984,208.686903,95317.025676,0.670052,44.667631,38249.989578
150,220,1,1,4,250,250,250,224868.93137600005,199.40413,151575.646081,0.47742,33.422509,73059.981236
150,220,2,2,16,120,120,120,58824.996543,194.146003,37214.33573,0.544551,34.699145,21381.271114
150,220,2,1,8,500,500,500,255147.19712299993,204.470728,176758.286695,0.531241,40.201828,78143.706631
150,220,2,2,16,500,500,500,128368.140706,192.721024,89969.767517,0.599123,40.313271,38164.739771
150,220,2,2,16,120,120,120,41181.967377,199.279488,26058.265065,0.512594,34.529113,14889.381117
150,220,2,1,8,120,120,120,149611.806146,200.309833,74200.175618,0.528884,30.784848,75180.006963
150,220,1,1,4,0,0,0,16008.315619,199.967554,15411.709902,0.465138,38.466147,357.706878
150,220,2,1,8,0,0,0,19206.451454000002,218.114652,18724.678756,0.54616,37.406722,225.705164
150,220,2,1,8,0,0,0,90156.86391099998,206.518592,89752.766379,0.482725,32.293928,164.802287
150,220,2,1,8,0,0,0,17395.737265,210.327636,16747.926201,0.461986,36.404481,400.616961
150,220,2,1,8,0,0,0,50514.561898,209.371875,50090.633285,0.507632,32.105174,181.943932
150,220,2,1,8,0,0,0,17248.852048,199.092155,16653.867317,0.683936,41.12533,354.08331
150,220,2,1,8,0,0,0,48917.71509799999,199.572058,48482.431674,0.423961,30.620376,204.667029
150,220,2,1,8,0,0,0,18645.898798,196.285148,18153.49507,0.485518,37.612239,258.020823
150,220,2,1,8,50,50,50,116122.985953,206.373836,104450.502047,0.514973,35.312017,11430.28308
150,220,2,1,8,50,50,50,53322.844,204.723759,43116.319766,0.444159,35.23375,9966.122566
150,220,2,1,8,50,50,50,66191.677894,201.650061,49870.257161,0.482641,35.571002,16083.717029
150,220,2,1,8,50,50,50,53618.731122000005,198.360386,43719.796343,0.620446,32.833936,9667.120011
150,220,2,1,8,50,50,50,52447.536247,206.809547,42523.789626,0.658424,41.466415,9674.812235
150,220,2,1,8,50,50,50,55477.667795,198.661775,43505.390301,0.756295,54.095497,11718.763927
150,220,2,1,8,50,50,50,58898.96308000001,204.090343,46987.799954,0.560616,35.135633,11671.376534
150,220,2,1,8,50,50,50,66868.911685,202.632865,49684.296775,0.43456,61.359127,16920.188358
150,220,2,1,8,50,50,50,54689.064782,206.800896,45105.154431,0.50614,37.940973,9338.662342
150,220,2,1,8,50,50,50,53783.194254,195.793899,44523.365369,0.733175,54.991363,9008.310448
150,220,2,1,8,120,120,120,107912.55703899999,206.053213,71921.80479,0.540323,34.517576,35749.641137
150,220,2,1,8,120,120,120,113648.225992,205.357518,76359.36943,0.489223,37.9945,37045.015321
150,220,2,1,8,120,120,120,105681.45114699999,202.003986,68443.402791,0.507675,35.011672,37000.525023
150,220,2,1,8,120,120,120,113343.421019,195.486684,75471.384163,0.410795,32.491909,37643.647468
150,220,2,1,8,120,120,120,110718.095814,200.358042,74989.570645,0.496858,35.631442,35492.038827
150,220,2,1,8,120,120,120,109185.617799,200.938158,71688.447895,0.51223,75.737223,37219.982293
150,220,2,1,8,250,250,250,148611.4168,201.893031,108847.524893,0.638588,51.291126,39510.069162
150,220,2,1,8,250,250,250,143948.238266,203.175808,104168.979136,0.487534,29.503695,39546.092093
150,220,2,1,8,500,500,500,254029.507601,208.206262,175526.689364,0.529482,35.446829,78258.635664
150,220,2,1,8,500,500,500,249153.378387,198.764191,170739.666164,0.577802,38.674814,78175.695416
150,220,2,1,8,1000,1000,1000,478328.17552299995,200.053152,322505.47198,0.501437,35.23601,155586.912944
150,220,2,1,8,1000,1000,1000,477596.33897300006,196.582806,321712.051975,0.410962,32.223233,155655.069997
150,220,2,1,8,1000,1000,1000,477206.829948,195.981962,321393.213445,0.645701,40.476386,155576.512454
150,220,2,1,8,1000,1000,1000,475617.6861449999,193.154568,319763.191625,0.648972,36.826784,155623.864196
150,220,2,1,8,2000,2000,2000,935804.535173,203.109509,624888.775571,0.591291,34.83684,310677.221962
150,220,2,1,8,2000,2000,2000,936136.9680929999,201.369865,625210.860369,0.470337,32.662162,310691.60536
150,220,1,1,4,0,0,0,28021.790402,201.739511,27613.337308,0.457004,28.822181,177.434398
150,220,1,1,4,0,0,0,30847.840358,208.334285,30457.230038,0.453158,28.935792,152.887085
150,220,1,1,4,0,0,0,15830.952079000002,196.638305,15304.530084,0.512973,55.274434,273.996283
150,220,1,1,4,0,0,0,79911.42209099999,207.936501,77615.814632,0.488296,28.017811,2059.164851
150,220,1,1,4,0,0,0,32281.821480000002,201.700261,31869.023684,0.445259,33.299125,177.353151
150,220,1,1,4,0,0,0,16970.079917,219.199643,16522.20145,0.451415,30.97888,197.248529
150,220,1,1,4,50,50,50,128582.87767,209.370964,112666.472936,0.44374,29.862558,15676.727472
150,220,1,1,4,50,50,50,91588.030107,200.453662,72131.558049,0.489428,32.705911,19222.823057
150,220,1,1,4,50,50,50,88990.121635,198.903831,68088.103868,0.533906,33.659564,20668.920466
150,220,1,1,4,50,50,50,100102.610328,199.615178,84141.936692,0.505663,33.839465,15726.71333
150,220,1,1,4,50,50,50,88836.60435999998,205.240037,67107.7129,0.435111,30.561517,21492.654795
150,220,1,1,4,50,50,50,89699.36778300001,200.964821,73517.219112,0.470277,53.162498,15927.551075
150,220,1,1,4,50,50,50,87965.072419,215.648526,66952.187395,0.459585,33.557967,20763.218946
150,220,1,1,4,50,50,50,89376.79928900002,202.211666,67205.133957,0.530261,34.37502,21934.548385
150,220,1,1,4,50,50,50,93982.99823099999,200.415736,74587.22892,0.485706,37.260203,19157.607666
150,220,1,1,4,50,50,50,91447.027716,202.712705,73833.281789,0.451004,49.93546,17360.646758
150,220,1,1,4,120,120,120,144775.46794899998,196.414456,107836.13216,0.549292,36.344366,36706.027675
150,220,1,1,4,120,120,120,151299.61668699997,208.319731,114402.214719,0.766649,39.937486,36648.378102
150,220,1,1,4,120,120,120,145161.53570900002,197.131444,108221.278322,0.510194,52.061744,36690.554005
150,220,1,1,4,120,120,120,140262.333773,212.40367,103367.598187,0.492383,35.407314,36646.432219
150,220,1,1,4,120,120,120,151113.409154,199.010525,114262.393231,0.485413,31.536488,36619.983497
150,220,1,1,4,120,120,120,147688.858959,204.162767,110849.051189,0.6903,33.980205,36600.974498
150,220,1,1,4,250,250,250,242048.520526,193.23047,168589.014873,0.512306,35.656466,73230.106411
150,220,1,1,4,250,250,250,243705.10585000005,199.140588,170349.860447,0.539794,29.492613,73126.072408
150,220,1,1,4,250,250,250,242718.565003,198.11732,169340.49097,0.473695,33.827505,73145.655513
150,220,1,1,4,500,500,500,451504.77405500005,194.767745,305697.22579,0.703455,45.621711,145566.455354
150,220,1,1,4,500,500,500,463287.819152,202.075062,312386.871936,0.442423,33.243359,150665.186372
150,220,1,1,4,500,500,500,450574.487185,201.460955,304698.425958,1.213344,39.644476,145633.742452
150,220,1,1,4,1000,1000,1000,853263.83821,194.191808,562424.800924,0.502329,34.959241,290609.383908
150,220,1,1,4,1000,1000,1000,853595.3247159999,193.462118,562732.646749,0.457315,32.942432,290635.816102
150,220,1,1,4,1000,1000,1000,853190.055427,197.206864,562313.642127,0.484807,33.086951,290645.634678
150,220,1,1,4,1000,1000,1000,877093.5064060001,216.977897,586162.271636,0.513715,29.725067,290684.018091
150,220,1,1,4,1000,1000,1000,877532.454777,201.523378,586637.315154,0.539043,34.63389,290658.443312
150,220,1,1,4,2000,2000,2000,1707783.0113219998,205.717101,1126809.058361,0.722754,33.261363,580734.251743
150,220,1,1,4,2000,2000,2000,1701041.7583210003,206.613079,1120132.839445,0.554833,31.896466,580669.854498
150,220,1,1,4,2000,2000,2000,1701802.291349,195.771593,1120916.174234,0.469116,31.111754,580658.764652
150,220,1,1,4,2000,2000,2000,1695243.0255989998,216.529141,1114369.442845,0.550417,33.466663,580623.036533
150,220,1,1,4,2000,2000,2000,1711021.6390999998,221.665329,1130140.528624,0.557813,32.708038,580626.179296
150,220,1,1,4,2000,2000,2000,1690706.442059,204.913637,1109765.930213,0.599619,40.795146,580694.203444
150,220,2,4,32,0,0,0,17378.908202,203.079903,16594.015567,0.600002,36.810178,544.402552
150,220,2,4,32,0,0,0,14261.597945,198.32864,13841.789793,0.460337,34.956731,186.062444
150,220,2,4,32,0,0,0,8261.218352,200.172001,7854.503603,0.418811,36.181755,169.942182
150,220,2,4,32,0,0,0,6431.855564,211.796438,5952.959574,0.504421,41.84754,224.747591
150,220,2,4,32,0,0,0,11517.011752,204.099392,10536.716378,0.461772,36.89696,738.83725
150,220,2,4,32,0,0,0,10436.2945,197.607999,9994.102006,0.419834,32.871781,211.29288
150,220,2,4,32,0,0,0,11735.303515,196.768246,11334.027365,0.419202,33.032111,171.056591
150,220,2,4,32,0,0,0,15540.554382,192.171134,15113.918744,0.588875,49.519945,184.355684
150,220,2,4,32,0,0,0,15098.02619,204.351613,14701.457637,0.459724,37.630146,154.12707
150,220,2,4,32,0,0,0,8457.018913,206.762134,7972.85561,0.586618,67.425264,209.389287
150,220,2,4,32,50,50,50,25076.203036,201.495821,20567.381978,0.513551,36.347991,4270.463695
150,220,2,4,32,50,50,50,26877.138778,214.395885,22049.012579,0.528324,40.958546,4572.243444
150,220,2,4,32,50,50,50,27904.441159,192.830632,23811.379827,0.557083,36.812632,3862.860985
150,220,2,4,32,50,50,50,23375.550988000003,199.657101,18846.949342,0.584518,40.542281,4287.817746
150,220,2,4,32,50,50,50,27396.373982,192.687981,23228.543651,0.539772,41.150018,3933.45256
150,220,2,4,32,50,50,50,27299.709385,202.387916,21685.382819,0.680737,40.483249,5370.774664
150,220,2,4,32,50,50,50,26852.59576,199.050933,22226.382601,0.651401,54.418644,4372.092181
150,220,2,4,32,50,50,50,26107.432172,201.302278,21036.349422,0.646795,37.25269,4831.880987
150,220,2,4,32,50,50,50,25341.947055999997,193.199232,21875.891503,0.568461,60.464705,3211.823155
150,220,2,4,32,50,50,50,31468.411318,198.75699,28153.866065,0.509573,37.422325,3077.856365
150,220,2,4,32,120,120,120,40632.833201,201.48243,34640.494744,0.540339,40.063778,5750.25191
150,220,2,4,32,120,120,120,40083.811882,198.754674,34119.153533,0.383368,34.828313,5730.691994
150,220,2,4,32,120,120,120,37431.75673,193.116827,31313.40457,0.543525,37.049497,5887.642311
150,220,2,4,32,120,120,120,36629.90189,197.468425,30475.807808,0.543458,44.124153,5911.958046
150,220,2,4,32,120,120,120,37174.359298999996,194.444977,31089.539666,0.532341,39.469328,5850.372987
150,220,2,4,32,120,120,120,36942.894126,191.605113,30957.844272,0.537119,37.37108,5755.536542
150,220,2,4,32,120,120,120,44313.41747099999,194.942976,38051.26068,0.434046,34.684913,6032.094856
150,220,2,4,32,120,120,120,43115.877655,201.125549,37079.658023,0.483861,41.115236,5793.494986
150,220,2,4,32,120,120,120,43832.499829,196.67562,37761.923788,0.566418,38.276065,5835.057938
150,220,2,4,32,120,120,120,43821.459503000005,196.383862,37702.549378,0.418367,36.486051,5885.621845
150,220,2,4,32,250,250,250,66119.466339,205.831551,54758.211279,0.562544,35.284041,11119.576924
150,220,2,4,32,250,250,250,64249.896567,213.72451,53037.437439,0.562645,37.370534,10960.801439
150,220,2,4,32,250,250,250,63197.36295299999,202.382297,51988.738523,0.490087,39.302348,10966.449698
150,220,2,4,32,250,250,250,59426.583480999994,196.359911,48077.948853,0.54061,38.378763,11113.355344
150,220,2,4,32,250,250,250,54845.983667,202.328147,43362.642548,0.498292,30.907812,11249.606868
150,220,2,4,32,500,500,500,90631.39608100001,201.22401,69279.969455,0.595165,39.348113,21110.259338
150,220,2,4,32,500,500,500,87094.81596500002,199.029138,65692.893335,0.487269,39.613492,21162.792731
150,220,2,4,32,500,500,500,90707.095333,204.797302,69191.008171,0.500894,37.296971,21273.491995
150,220,2,4,32,500,500,500,83623.791636,205.130874,62337.604922,0.630086,44.899239,21035.526515
150,220,2,4,32,500,500,500,81280.768142,199.5661,60095.391123,0.598708,36.620133,20948.592078
150,220,2,4,32,1000,1000,1000,147002.163568,195.877933,105714.756545,0.688466,37.77491,41053.065714
150,220,2,4,32,1000,1000,1000,147466.236645,194.178754,106086.059345,0.936534,80.241624,41104.820388
150,220,2,4,32,1000,1000,1000,142692.373262,191.846911,101390.706143,0.449711,34.503167,41074.86733
150,220,2,4,32,1000,1000,1000,140693.42020500003,198.488454,99562.034501,0.580136,39.156048,40893.161066
150,220,2,4,32,1000,1000,1000,140852.22621,195.616928,99433.729698,0.671827,39.936256,41182.271501
150,220,2,4,32,2000,2000,2000,280988.750598,200.780345,199575.004703,0.670866,56.485945,81155.808739
150,220,2,4,32,2000,2000,2000,276794.16386200004,194.317577,195369.36569,0.518549,37.083741,81192.878305
150,220,2,4,32,2000,2000,2000,276560.876108,193.002123,195293.514722,0.560119,36.297699,81037.501445
150,220,2,4,32,2000,2000,2000,279599.25059,200.50974,198375.208293,0.537658,40.12098,80982.873919
150,220,2,4,32,2000,2000,2000,277645.857487,203.600393,196422.851474,0.478571,40.593402,80978.333647
150,220,2,4,32,2000,2000,2000,276380.221986,201.096398,195071.693552,0.589773,39.373901,81067.468362
150,220,2,4,32,2000,2000,2000,271827.352278,213.636515,190402.029482,0.509581,36.793917,81174.382783
150,220,2,1,8,2000,2000,2000,940793.9812800001,208.965562,629769.642787,0.74898,52.754595,310761.869356
150,220,2,1,8,2000,2000,2000,941380.024438,219.116679,630544.474509,0.380156,30.958709,310585.094385
150,220,2,1,8,2000,2000,2000,936961.888599,204.014583,625993.042629,0.761595,37.717035,310726.352757
150,220,2,8,64,0,0,0,7202.310508,203.181847,6722.255513,0.4733,37.659248,238.7406
150,220,4,8,128,2000,2000,2000,88686.123087,205.495915,68190.121559,0.590296,42.01469,20247.900627
150,220,2,8,64,500,500,500,49102.668748,194.662328,38053.33033,0.479832,35.623459,10818.572799
150,220,2,8,64,1000,1000,1000,82167.787072,211.143493,61066.839292,0.616152,37.207287,20851.980848
150,220,4,8,128,120,120,120,22777.566021,201.4513,18796.101803,0.504426,34.577745,3744.930747
150,220,2,8,64,250,250,250,34309.265320000006,213.351357,28263.594013,0.45235,35.870909,5795.996691
150,220,2,8,64,2000,2000,2000,157444.903423,191.538354,116444.05557,0.515969,35.288351,40773.505179
150,220,4,8,128,0,0,0,7435.590165,211.659243,6915.863163,0.492187,37.637541,269.938031
150,220,4,8,128,500,500,500,37393.515311,200.613538,31215.674612,0.455783,37.104554,5939.666824
150,220,2,8,64,120,120,120,25160.317616,199.183554,21693.472573,0.516919,41.861377,3225.283193
150,220,4,8,128,1000,1000,1000,50531.067673000005,204.224956,39976.717878,0.916248,34.178925,10315.029666
150,220,4,8,128,250,250,250,30092.524509,207.855802,26306.311975,0.475108,35.512036,3542.369588
150,220,2,8,64,0,0,0,7319.389683,194.284058,6841.056552,0.462783,37.057738,246.528552
150,220,4,8,128,2000,2000,2000,86649.733753,201.572534,66191.254632,0.664381,38.852246,20217.38996
150,220,2,8,64,500,500,500,49700.917998000004,194.66681,38576.811505,0.53142,43.292234,10885.616029
150,220,2,8,64,1000,1000,1000,78126.35486400001,196.08363,57032.392484,0.594956,40.330217,20856.953577
150,220,4,8,128,120,120,120,26588.979083,207.282887,24107.048334,0.489336,37.242216,2236.91631
150,220,2,8,64,250,250,250,35546.482513,201.543609,29470.314246,0.79613,64.032382,5809.796146
150,220,2,8,64,2000,2000,2000,160064.719793,198.618722,118997.835522,0.475227,35.030778,40832.759544
150,220,4,8,128,0,0,0,7635.837783,197.234947,7135.335166,0.450795,37.142055,265.67482
150,220,4,8,128,500,500,500,36176.647193,202.667781,30009.254949,0.427079,37.751383,5926.546001
150,220,2,8,64,120,120,120,24704.883030999998,199.262207,21126.763742,0.765771,41.122004,3336.969307
150,220,4,8,128,1000,1000,1000,49393.487112999996,200.150385,38908.504575,0.491672,36.396947,10247.943534
150,220,4,8,128,250,250,250,30099.790544999996,195.823482,26132.713856,0.419356,36.602757,3734.231094
150,220,2,8,64,0,0,0,22110.694115000002,190.2149,19277.314263,0.498327,52.187932,2590.478693
150,220,4,8,128,2000,2000,2000,78669.85721,202.800757,58166.8078,0.496678,39.468031,20260.283944
150,220,2,8,64,500,500,500,50297.579128000005,196.90228,39226.561279,0.579346,43.497146,10830.039077
150,220,2,8,64,1000,1000,1000,77441.52900499999,204.438998,56338.012198,0.68284,37.106306,20861.288663
150,220,4,8,128,120,120,120,26293.605894,197.254183,23836.527427,0.492564,35.572867,2223.758853
150,220,2,8,64,250,250,250,35208.596738,205.040395,29118.155313,0.62657,43.412588,5841.361872
150,220,2,8,64,2000,2000,2000,156328.073121,194.094293,115261.728556,0.936257,51.912649,40819.401366
150,220,4,8,128,0,0,0,23317.039976,201.547308,18212.922501,0.483148,52.136764,4849.950255
150,220,4,8,128,500,500,500,35844.309725,195.15625,29573.843778,0.4634,37.251336,6037.594961
150,220,2,8,64,120,120,120,28911.471885000003,199.88252,25471.199787,0.543542,43.497028,3196.349008
150,220,4,8,128,1000,1000,1000,50886.869753000006,208.114535,40371.318138,0.817196,52.819668,10253.800216
150,220,4,8,128,250,250,250,29787.797874,199.145267,25969.763248,0.563084,34.572421,3583.753854
150,220,2,8,64,0,0,0,6730.539941,199.148874,6260.515195,0.414293,35.922982,234.538597
150,220,4,8,128,2000,2000,2000,80369.85497300001,196.614276,59802.053706,0.681911,39.316933,20331.188147
150,220,2,8,64,500,500,500,49802.94057,199.240689,38696.352273,0.633679,61.823686,10844.890243
150,220,2,8,64,1000,1000,1000,81103.725087,196.761026,59974.777182,0.528699,38.480808,20893.177372
150,220,4,8,128,120,120,120,26393.722328999997,198.689562,23959.723452,0.397286,32.648308,2202.263721
150,220,2,8,64,250,250,250,36571.006112,194.01916,30540.490413,0.4592,35.738177,5800.299162
150,220,2,8,64,2000,2000,2000,156219.505207,196.437734,115148.911274,0.51275,36.766697,40836.876752
150,220,4,8,128,0,0,0,11641.915604,203.112845,10021.383528,0.636222,60.104692,1356.678317
150,220,4,8,128,500,500,500,37414.374786,198.382444,31276.95186,0.53907,39.596224,5898.905188
150,220,2,8,64,120,120,120,24087.513473,193.329845,19932.56402,0.464621,55.934135,3905.220852
150,220,4,8,128,1000,1000,1000,50150.874300999996,203.492063,39680.283163,0.448519,35.384412,10231.266144
150,220,4,8,128,250,250,250,28945.569358999997,203.709742,25152.043847,0.553771,40.844927,3548.417072
150,220,2,8,64,0,0,0,13591.650707999997,208.837692,11611.623982,0.410038,33.841789,1736.937207
150,220,4,8,128,2000,2000,2000,80033.788614,196.279368,59591.50743,0.404987,35.594576,20210.002253
150,220,2,8,64,500,500,500,50275.081566999994,197.66713,39268.472832,0.399772,33.405297,10775.136536
150,220,2,8,64,1000,1000,1000,79305.75208399999,196.515788,58287.183046,0.580867,36.787287,20784.685096
150,220,4,8,128,120,120,120,23929.252990999998,206.769748,17990.750328,0.395442,32.883594,5698.453879
150,220,2,8,64,250,250,250,35397.146502999996,200.600007,29356.451726,0.544725,40.792146,5798.757899
150,220,2,8,64,2000,2000,2000,151229.21659,206.065904,110163.339308,0.55443,38.479041,40820.777907
150,220,4,8,128,0,0,0,10981.892860000002,198.226412,9361.813314,0.771521,44.315965,1376.765648
150,220,4,8,128,500,500,500,36517.871446,193.49411,30341.006491,0.513654,35.413672,5947.443519
150,220,2,8,64,120,120,120,24766.255226000005,196.987646,20735.522346,0.517938,44.190017,3789.037279
150,220,4,8,128,1000,1000,1000,51178.601969999996,210.248529,40672.554223,0.627432,43.272173,10251.899613
150,220,4,8,128,250,250,250,27840.584651000005,200.491526,24089.794182,0.513996,39.46646,3510.318487
150,220,2,8,64,0,0,0,21693.046757999997,196.069395,17836.099227,0.444426,32.630021,3627.803689
150,220,4,8,128,2000,2000,2000,87673.48803899999,204.037124,67161.352952,0.5989,36.432096,20271.066967
150,220,2,8,64,500,500,500,48603.44238,210.758363,37479.347895,0.613294,53.512295,10859.210533
150,220,2,8,64,1000,1000,1000,78698.654597,193.820505,57603.565106,0.553231,62.213547,20838.502208
150,220,4,8,128,120,120,120,24086.125729,198.535134,21384.35814,0.510046,37.749385,2464.973024
150,220,2,8,64,250,250,250,37654.539288,211.57269,31520.110136,0.563796,41.879936,5880.41273
150,220,2,8,64,2000,2000,2000,155736.85258200002,197.049123,114653.186821,0.421335,38.540828,40847.654475
150,220,4,8,128,0,0,0,7379.271687,200.444609,6695.273069,0.482759,42.150713,440.920537
150,220,4,8,128,500,500,500,37404.069650000005,198.398936,31079.519013,0.537518,36.877582,6088.736601
150,220,2,8,64,120,120,120,28998.271554,208.32947,25517.6203,0.52591,39.20647,3232.589404
150,220,4,8,128,1000,1000,1000,51364.380148000004,204.198891,40838.572492,0.755899,41.2261,10279.626766
150,220,4,8,128,250,250,250,28577.359919999995,196.366832,24705.402961,0.795056,58.71621,3616.078861
150,220,2,8,64,0,0,0,6736.746581999999,196.839636,6329.570834,0.455418,34.369414,175.51128
150,220,4,8,128,2000,2000,2000,83582.52390599999,197.958791,63082.39127,0.580458,40.792385,20260.801002
150,220,2,8,64,500,500,500,47886.887945,201.983831,36813.758346,0.505391,54.604868,10816.035509
150,220,2,8,64,1000,1000,1000,80957.686573,195.158828,59839.64949,0.771614,37.621344,20884.485297
150,220,4,8,128,120,120,120,23235.965739000003,196.993933,20626.127082,0.539427,41.208073,2371.097224
150,220,2,8,64,250,250,250,36005.355139,196.316824,29978.672984,0.58137,46.207788,5783.576173
150,220,2,8,64,2000,2000,2000,156833.017714,191.961585,115816.197749,0.576367,34.953327,40789.328686
150,220,4,8,128,0,0,0,10252.554883000003,191.711057,9666.248009,0.58042,69.941075,324.074322
150,220,4,8,128,500,500,500,37657.477437,203.531716,32160.14526,0.511457,40.169583,5253.119421
150,220,2,8,64,120,120,120,30074.357463999997,202.854418,26577.612586,0.620015,35.279539,3257.990906
150,220,4,8,128,1000,1000,1000,50805.58066000001,195.256823,40343.566781,0.467392,35.402048,10230.887616
150,220,4,8,128,250,250,250,26875.701089,199.843876,23169.947027,0.452189,38.104565,3467.353432
150,220,2,8,64,0,0,0,7045.338806000001,202.798715,6567.856797,0.498666,35.433436,238.751192
150,220,4,8,128,2000,2000,2000,86311.341304,200.075327,65817.704541,0.521945,43.533169,20249.506322
150,220,2,8,64,500,500,500,48568.334468,197.77641,37484.578998,0.791006,55.377498,10829.810556
150,220,2,8,64,1000,1000,1000,79257.952411,202.871328,58069.65367,0.681617,63.034278,20921.711518
150,220,4,8,128,120,120,120,24900.762862,201.504805,22250.744682,0.470457,36.438744,2411.604174
150,220,2,8,64,250,250,250,32649.284321,205.720833,26634.816792,0.484874,36.181133,5772.080689
150,220,2,8,64,2000,2000,2000,148921.31835000002,197.260875,107875.576841,0.720505,57.361093,40790.399036
150,220,4,8,128,0,0,0,6904.373484999999,198.351092,6418.004102,0.46912,42.423569,245.125602
150,220,4,8,128,500,500,500,36825.448410000005,194.419556,30488.477649,0.535751,34.935012,6107.080442
150,220,2,8,64,120,120,120,20789.453959,193.960266,16302.423936,0.433556,57.014392,4235.621809
150,220,4,8,128,1000,1000,1000,51535.11433499999,213.074016,41030.729896,0.428205,33.346857,10257.535361
150,220,4,8,128,250,250,250,29226.046097,194.633142,25477.112966,0.693521,79.374415,3474.232053
150,220,2,8,64,0,0,0,9369.124592,198.927738,8955.844009,0.446227,34.534719,179.371899
150,220,4,8,128,2000,2000,2000,81745.25815499999,203.791996,61274.262034,0.416816,37.106086,20229.681223
150,220,2,8,64,500,500,500,49856.264421,191.848248,38852.019749,0.413974,33.177307,10778.805143
150,220,2,8,64,1000,1000,1000,79166.953221,199.258686,58065.908751,0.49563,49.175803,20852.114351
150,220,4,8,128,120,120,120,27230.119789000004,193.684266,24676.753991,0.591461,42.833782,2316.256289
150,220,2,8,64,250,250,250,34536.916287,195.312264,28494.63929,0.520754,41.924511,5804.519468
150,220,2,8,64,2000,2000,2000,151988.288053,191.593796,110944.48563,0.364694,34.661848,40817.182085
150,220,4,8,128,0,0,0,7920.777384,204.402221,7387.906776,0.475878,38.551388,289.441121
150,220,4,8,128,500,500,500,37555.039005000006,195.076205,31169.307508,0.480741,36.172298,6154.002253
150,220,2,8,64,120,120,120,30510.970610999997,192.606642,27058.757701,0.534696,42.369693,3216.701879
150,220,4,8,128,1000,1000,1000,51096.282478,195.312182,40592.263939,0.754372,39.466706,10268.485279
150,220,4,8,128,250,250,250,29876.253637,191.560717,26066.080952,0.494349,33.475892,3584.641727
150,220,2,8,64,0,0,0,6509.535462,217.176774,6018.49192,0.572346,39.833133,233.461289
150,220,4,8,128,2000,2000,2000,80313.17440599999,200.043521,59797.259159,0.520883,37.756462,20277.594381
150,220,2,8,64,500,500,500,46085.28621400001,193.457816,34991.915155,0.800448,49.41753,10849.695265
150,220,2,8,64,1000,1000,1000,78721.41977,196.411092,57617.640102,0.519054,35.878909,20870.970613
150,220,4,8,128,120,120,120,26903.585700000003,209.751475,24347.219354,0.579359,40.299745,2305.735767
150,220,2,8,64,250,250,250,36637.773703,194.932493,30507.487464,0.620719,43.407641,5891.325386
150,220,2,8,64,2000,2000,2000,148538.914484,195.461405,107486.057059,0.543834,40.904045,40815.948141
150,220,4,8,128,0,0,0,6317.441548,199.176997,5799.92982,0.633033,45.701889,271.999809
150,220,4,8,128,500,500,500,38879.69344,198.312221,32585.952626,0.55724,37.333801,6057.537552
150,220,2,8,64,120,120,120,24155.970402,202.022277,19933.570512,0.498321,37.069172,3982.81012
150,220,4,8,128,1000,1000,1000,51624.037276,198.252039,41171.225391,0.537273,36.23474,10217.787833
150,220,4,8,128,250,250,250,28667.791308,198.63905,24785.730299,0.442159,36.569123,3646.410677